{"schemaVersion":"1.0","appDefinitionTemplate":{"id":"/providers/Microsoft.PowerApps/apps/","type":"Microsoft.PowerApps/apps","tags":{"primaryDeviceWidth":"640","primaryDeviceHeight":"1136","sienaVersion":"20220313T061144Z-3.22023.15.0","deviceCapabilities":"","supportsPortrait":"true","supportsLandscape":"true","primaryFormFactor":"Phone","publisherVersion":"3.22023.15","minimumRequiredApiVersion":"2.2.0","hasComponent":"false","hasUnlockedComponent":"false","isUnifiedRootApp":"false"},"properties":{"appVersion":"2022-03-13T06:11:44Z","lifeCycleId":"Published","createdByClientVersion":{"major":3,"minor":22023,"build":15,"revision":0,"majorRevision":0,"minorRevision":0},"minClientVersion":{"major":3,"minor":22023,"build":15,"revision":0,"majorRevision":0,"minorRevision":0},"backgroundColor":"RGBA(0,176,240,1)","backgroundImageUri":"/17346151881855688748/N6bf0370f-7fcf-421c-8a7e-6912ea00179d-logoSmallFile","displayName":"App","description":"","commitMessage":"","appUris":{"documentUri":{"value":"/17346151881855688748/N59c74232-07ab-4a19-b86f-7a2392a7805b-document.msapp"},"imageUris":[]},"createdTime":"0001-01-01T00:00:00Z","lastModifiedTime":"0001-01-01T00:00:00Z","sharedGroupsCount":0,"sharedUsersCount":0,"icons":{"smallIconUri":"/17346151881855688748/Na7e9f6f7-fa9b-4d91-a925-134fd4b5e858-small.png","mediumIconUri":"/17346151881855688748/Nf7b6800b-ba34-4065-95ad-f910b9c9b258-medium.png","largeIconUri":"/17346151881855688748/N5d7492ce-72dc-45c6-82ef-cd7a323a0a18-large.png","wideIconUri":"/17346151881855688748/Nabd9cda9-c575-48c4-a045-6e621c359763-wide.png"},"connectionReferences":{},"databaseReferences":{"default.cds":{"databaseDetails":{"referenceType":"NotSpecified","environmentName":"default.cds","overrideValues":{"status":"NotSpecified"}},"dataSources":{"Orders":{"entitySetName":"crcc9_orders","logicalName":"crcc9_order"},"Products":{"entitySetName":"crcc9_products","logicalName":"crcc9_product"},"Categories":{"entitySetName":"crcc9_categories","logicalName":"crcc9_category"}},"actions":["providers/PowerPlatform.Governance/Operations/Read"]}},"almMode":"Environment","performanceOptimizationEnabled":true,"canConsumeAppPass":true,"executionRestrictions":{"isTeamsOnly":false,"dataLossPreventionEvaluationResult":{"status":"Compliant","lastEvaluationDate":"2022-03-13T06:12:00.7507877Z","violations":[],"violationsByPolicy":[],"violationErrorMessage":"The app uses the following connectors: shared_commondataservice."}}},"appType":"ClassicCanvasApp","appComponents":[]}}